,name,job_title
0,"Abdnor, James",Senator
1,"Abercrombie, Neil",Representative
2,"Abourezk, James",Senator
3,"Abraham, Ralph Lee",Representative
4,"Abraham, Spencer",Senator
5,"Abzug, Bella S.",Representative
6,"Acevedo-Vila, Anibal",Resident Commissioner
7,"Ackerman, Gary L.",Representative
8,"Adams, Alma S.",Representative
9,"Adams, Brock",Senator
10,"Adams, Sandy",Representative
11,"Addabbo, Joseph P.",Representative
12,"Aderholt, Robert B.",Representative
13,"Adler, John H.",Representative
14,"Aguilar, Pete",Representative
15,"Aiken, George",Senator
16,"Akaka, Daniel K.",Senator
17,"Akin, W. Todd",Representative
18,"Albert, Carl",Representative
19,"Albosta, Donald J.",Representative
20,"Alexander, Bill",Representative
21,"Alexander, Lamar",Senator
22,"Alexander, Rodney",Representative
23,"Allard, Wayne",Senator
24,"Allen, Clifford R.",Representative
25,"Allen, George",Senator
26,"Allen, James B.",Senator
27,"Allen, Maryon",Senator
28,"Allen, Rick W.",Representative
29,"Allen, Thomas H.",Representative
30,"Allred, Colin Z.",Representative
31,"Altmire, Jason",Representative
32,"Amash, Justin",Representative
33,"Ambro, Jerome A.",Representative
34,"Ammerman, Joseph S.",Representative
35,"Amodei, Mark E.",Representative
36,"Anderson, Glenn M.",Representative
37,"Anderson, John B.",Representative
38,"Anderson, Wendell R.",Senator
39,"Andrews, Ike",Representative
40,"Andrews, Mark",Senator
41,"Andrews, Michael",Representative
42,"Andrews, Robert E.",Representative
43,"Andrews, Thomas H.",Representative
44,"Annunzio, Frank",Representative
45,"Anthony, Beryl, Jr.",Representative
46,"Applegate, Douglas",Representative
47,"Archer, Bill",Representative
48,"Arcuri, Michael A.",Representative
49,"Arends, Leslie C.",Representative
50,"Armey, Richard K.",Representative
51,"Armstrong, Kelly",Representative
52,"Armstrong, William L.",Senator
53,"Arrington, Jodey C.",Representative
54,"Ashbrook, Jean",Representative
55,"Ashbrook, John M.",Representative
56,"Ashcroft, John",Senator
57,"Ashford, Brad",Representative
58,"Ashley, Thomas L.",Representative
59,"Aspin, Les",Representative
60,"Atkins, Chester G.",Representative
61,"Atkinson, Eugene V.",Representative
62,"Auchincloss, Jake",Representative
63,"AuCoin, Les",Representative
64,"Austria, Steve",Representative
65,"Axne, Cynthia",Representative
66,"Ayotte, Kelly",Senator
67,"Babin, Brian",Representative
68,"Baca, Joe",Representative
69,"Bacchus, Jim",Representative
70,"Bachmann, Michele",Representative
71,"Bachus, Spencer",Representative
72,"Bacon, Don",Representative
73,"Badham, Robert E.",Representative
74,"Badillo, Herman",Representative
75,"Baesler, Scotty",Representative
76,"Bafalis, L. A. (Skip)",Representative
77,"Bailey, Donald A.",Representative
78,"Bailey, Wendell",Representative
79,"Baird, Brian",Representative
80,"Baird, James R.",Representative
81,"Baker, Bill",Representative
82,"Baker, Howard H., Jr.",Senator
83,"Baker, LaMar",Representative
84,"Baker, Richard H.",Representative
85,"Baldacci, John Elias",Representative
86,"Balderson, Troy",Representative
87,"Baldus, Alvin J.",Representative
88,"Baldwin, Tammy",Senator
89,"Ballance, Frank W., Jr.",Representative
90,"Ballenger, Cass",Representative
91,"Banks, Jim",Representative
92,"Barber, Ron",Representative
93,"Barca, Peter",Representative
94,"Barcia, James A.",Representative
95,"Barkley, Dean M.",Senator
96,"Barletta, Lou",Representative
97,"Barlow, Tom",Representative
98,"Barnard, Doug, Jr.",Representative
99,"Barnes, Michael D.",Representative
100,"Barr, Andy",Representative
101,"Barr, Bob",Representative
102,"Barragan, Nanette Diaz",Representative
103,"Barrasso, John",Senator
104,"Barrett, Bill",Representative
105,"Barrett, J. Gresham",Representative
106,"Barrett, Thomas M.",Representative
107,"Barrett, William A.",Representative
108,"Barrow, John",Representative
109,"Bartlett, Dewey F.",Senator
110,"Bartlett, Roscoe G.",Representative
111,"Bartlett, Steve",Representative
112,"Barton, Joe",Representative
113,"Bass, Charles F.",Representative
114,"Bass, Karen",Representative
115,"Bateman, Herbert H.",Representative
116,"Bates, Jim",Representative
117,"Baucus, Max",Senator
118,"Bauman, Robert E.",Representative
119,"Bayh, Birch",Senator
120,"Bayh, Evan",Senator
121,"Beall, J. Glenn, Jr.",Senator
122,"Bean, Melissa L.",Representative
123,"Beard, Edward",Representative
124,"Beard, Robin",Representative
125,"Beatty, Joyce",Representative
126,"Beauprez, Bob",Representative
127,"Becerra, Xavier",Representative
128,"Bedell, Berkley W.",Representative
129,"Begich, Mark",Senator
130,"Beilenson, Anthony C.",Representative
131,"Bell, Alphonzo",Representative
132,"Bell, Chris",Representative
133,"Bellmon, Henry L.",Senator
134,"Benedict, Cleve",Representative
135,"Benishek, Dan",Representative
136,"Benitez, Jamie",Resident Commissioner
137,"Benjamin, Adam, Jr.",Representative
138,"Bennet, Michael F.",Senator
139,"Bennett, Charles E.",Representative
140,"Bennett, Robert F.",Senator
141,"Bennett, Wallace F.",Senator
142,"Bentivolio, Kerry L.",Representative
143,"Bentley, Helen Delich",Representative
144,"Bentsen, Ken",Representative
145,"Bentsen, Lloyd M.",Senator
146,"Bentz, Cliff",Representative
147,"Bera, Ami",Representative
148,"Bereuter, Doug",Representative
149,"Berg, Rick",Representative
150,"Bergland, Bob",Representative
151,"Bergman, Jack",Representative
152,"Berkley, Shelley",Representative
153,"Berman, Howard L.",Representative
154,"Berry, Marion",Representative
155,"Bethune, Ed",Representative
156,"Bevill, Tom",Representative
157,"Beyer, Donald S., Jr.",Representative
158,"Biaggi, Mario",Representative
159,"Bible, Alan",Senator
160,"Bice, Stephanie I.",Representative
161,"Biden, Joseph R., Jr.",Senator
162,"Biester, Edward G., Jr.",Representative
163,"Biggert, Judy",Representative
164,"Biggs, Andy",Representative
165,"Bilbray, Brian P.",Representative
166,"Bilbray, James H.",Representative
167,"Bilirakis, Gus M.",Representative
168,"Bilirakis, Michael",Representative
169,"Bingaman, Jeff",Senator
170,"Bingham, Jonathan B.",Representative
171,"Bishop, Dan",Representative
172,"Bishop, Mike",Representative
173,"Bishop, Rob",Representative
174,"Bishop, Sanford D., Jr.",Representative
175,"Bishop, Timothy H.",Representative
176,"Black, Diane",Representative
177,"Blackburn, Ben",Representative
178,"Blackburn, Marsha",Senator
179,"Blackwell, Lucien E.",Representative
180,"Blagojevich, Rod R.",Representative
181,"Blanchard, James",Representative
182,"Blatnik, John Anton",Representative
183,"Blaz, Ben G.",Delegate
184,"Bliley, Tom",Representative
185,"Blouin, Michael",Representative
186,"Blum, Rod",Representative
187,"Blumenauer, Earl",Representative
188,"Blumenthal, Richard",Senator
189,"Blunt Rochester, Lisa",Representative
190,"Blunt, Roy",Senator
191,"Blute, Peter I.",Representative
192,"Boccieri, John A.",Representative
193,"Boebert, Lauren",Representative
194,"Boehlert, Sherwood",Representative
195,"Boehner, John A.",Representative
196,"Boggs, Corinne C. (Lindy)",Representative
197,"Boland, Edward P.",Representative
198,"Bolling, Richard",Representative
199,"Bonamici, Suzanne",Representative
200,"Bond, Christopher S.",Senator
201,"Boner, William H.",Representative
202,"Bonilla, Henry",Representative
203,"Bonior, David E.",Representative
204,"Bonker, Don",Representative
205,"Bonner, Jo",Representative
206,"Bono Mack, Mary",Representative
207,"Bono, Sonny",Representative
208,"Booker, Cory A.",Senator
209,"Boozman, John",Senator
210,"Bordallo, Madeleine Z.",Delegate
211,"Boren, Dan",Representative
212,"Boren, David L.",Senator
213,"Borski, Robert A.",Representative
214,"Boschwitz, Rudy",Senator
215,"Bosco, Douglas H.",Representative
216,"Bost, Mike",Representative
217,"Boswell, Leonard L.",Representative
218,"Boucher, Rick",Representative
219,"Boulter, Beau",Representative
220,"Bourdeaux, Carolyn",Representative
221,"Boustany, Charles W., Jr.",Representative
222,"Bowen, David R.",Representative
223,"Bowman, Jamaal",Representative
224,"Boxer, Barbara",Senator
225,"Boyd, Allen",Representative
226,"Boyda, Nancy E.",Representative
227,"Boyle, Brendan F.",Representative
228,"Brademas, John",Representative
229,"Bradley, Bill",Senator
230,"Bradley, Jeb",Representative
231,"Brady, Kevin",Representative
232,"Brady, Nicholas",Senator
233,"Brady, Robert A.",Representative
234,"Braley, Bruce L.",Representative
235,"Brasco, Frank",Representative
236,"Brat, Dave",Representative
237,"Braun, Mike",Senator
238,"Bray, William G.",Representative
239,"Breaux, John B.",Senator
240,"Breckinridge, John B.",Representative
241,"Brennan, Joseph E.",Representative
242,"Brewster, Bill K.",Representative
243,"Bridenstine, Jim",Representative
244,"Bright, Bobby",Representative
245,"Brindisi, Anthony",Representative
246,"Brinkley, Jack",Representative
247,"Britt, Robin",Representative
248,"Brock, Bill",Senator
249,"Brodhead, William",Representative
